country,1960,1961,1962,1963,1964,1965,1966,1967,1968,1969,1970,1971,1972,1973,1974,1975,1976,1977,1978,1979,1980,1981,1982,1983,1984,1985,1986,1987,1988,1989,1990,1991,1992,1993,1994,1995,1996,1997,1998,1999,2000,2001,2002,2003,2004,2005,2006,2007,2008,2009,2010,2011,2012,2013,2014,2015,2016,2017
Afghanistan,0,0,0,0,0,0,0,0,0,0,1.63,0,0,1.87,1.61,1.72,2.05,2.01,0,0,0,0,0,0,0,0,0,0,0,0,0,0,0,0,0,0,0,0,0,0,0,0,0,0,2.37,1.95,1.86,2.24,2.33,2.06,1.9,1.78,1.14,1.05,1.3,0.993,0.955,0.916
Albania,0,0,0,0,0,0,0,0,0,0,0,0,0,0,0,0,0,0,0,0,6.05,5.85,5.65,5.44,6.12,5.65,5.62,5.86,5.62,5.17,5.89,5.79,4.45,3.2,2.5,2.1,1.38,1.28,1.24,1.25,1.25,1.31,1.32,1.34,1.38,1.35,1.57,1.82,1.98,1.52,1.56,1.53,1.49,1.41,1.35,1.16,1.1,1.25
Algeria,0,0,0,2.46,3.43,3.36,3.44,2.94,2.58,2.33,2.03,1.97,1.62,1.57,1.97,2.14,2.71,2.25,2.38,2.14,2.1,1.82,2.06,1.95,1.73,1.65,1.77,1.79,1.74,1.54,1.46,1.24,2.19,2.56,3.14,2.96,3.09,3.64,3.97,3.76,3.43,3.82,3.7,3.25,3.28,2.83,2.64,2.92,3.02,3.85,3.52,4.33,4.46,4.84,5.55,6.27,6.42,5.91
Angola,0,0,0,0,0,0,0,0,0,0,0,0,0,0,0,0,0,0,0,0,8.39,11.2,12,13.5,17.4,15.2,16.4,18.4,16.8,19.1,15.6,8.12,5.25,16.1,5.22,4.28,2.45,5.97,2.62,17.3,6.39,4.52,3.51,4.72,4.16,4.83,4.71,3.36,3.76,4.39,4.24,3.5,3.64,4.88,5.4,3.52,2.96,2.47
Argentina,1.18,1.28,1.25,1.33,0.96,0.888,0.971,1.05,1.28,1.42,1.41,1.41,1.38,1.37,1.25,1.5,2.8,2.96,3.49,3.45,3.1,3.47,2.7,2.74,2.16,2.3,2.31,2.28,2.12,1.88,1.45,1.51,1.42,1.42,1.46,1.47,1.24,1.14,1.14,1.22,1.15,1.18,1.09,1.06,0.883,0.847,0.788,0.793,0.763,0.887,0.815,0.764,0.785,0.838,0.878,0.85,0.813,0.891
Armenia,0,0,0,0,0,0,0,0,0,0,0,0,0,0,0,0,0,0,0,0,0,0,0,0,0,0,0,0,0,0,0,0,2.1,2.12,0,4.06,3.28,3.91,3.53,3.7,3.56,3.13,2.7,2.73,2.74,2.87,2.95,3.04,3.4,4.16,4.27,3.85,3.58,4,3.94,4.24,4.09,3.85
Australia,2.48,2.4,2.46,2.57,2.76,3.04,3.62,3.94,4.05,3.59,3.1,2.92,2.8,2.62,2.46,2.44,2.4,2.35,2.35,2.34,2.39,2.47,2.5,2.65,2.63,2.67,2.65,2.53,2.31,2.17,2.13,2.18,2.22,2.23,2.19,2.09,1.99,1.93,1.92,1.94,1.9,1.93,1.94,1.91,1.9,1.88,1.9,1.89,1.89,1.93,1.95,1.82,1.69,1.68,1.79,1.97,2.14,2.04
Austria,1.39,1.24,1.29,1.5,1.79,1.43,1.54,1.53,1.46,1.42,1.3,1.17,1.13,1.11,1.2,1.36,1.35,1.33,1.41,1.42,1.41,1.36,1.4,1.38,1.4,1.49,1.49,1.4,1.29,1.22,1.19,1.15,1.1,1.11,1.09,1.06,1.04,1.02,0.99,0.978,0.978,0.906,0.882,0.91,0.89,0.85,0.786,0.9,0.871,0.833,0.821,0.791,0.778,0.751,0.748,0.698,0.739,0.716
Azerbaijan,0,0,0,0,0,0,0,0,0,0,0,0,0,0,0,0,0,0,0,0,0,0,0,0,0,0,0,0,0,0,0,0,2.49,4.93,3.68,2.74,2.25,2.32,2.41,2.63,2.27,2.31,2.24,2.43,2.63,2.3,3.42,2.86,3.29,3.33,2.79,4.67,4.66,4.54,4.56,5.46,3.69,3.77
Bahrain,0,0,0,0,0,0,0,0,0,0,0,0,0,0,0,0,0,0,0,0,5.7,6.9,8.54,4.91,4.22,4.59,5.84,5.25,5.6,5.64,5.66,5.7,5.88,5.37,5.11,5.18,5.27,5.07,5.33,5.5,3.96,4.15,4.61,4.66,4.04,3.21,3.1,2.96,2.8,3.61,3.28,3.59,3.84,4.14,4.42,4.63,4.68,3.96
Bangladesh,0,0,0,0,0,0,0,0,0,0,0,0,0,0.606,0.597,0.571,1.08,1.32,1.01,0.894,0.921,0.946,1.1,1.36,1.31,1.09,1.16,1.18,1.27,1.32,1.24,1.26,1.39,1.49,1.63,1.64,1.41,1.45,1.45,1.47,1.44,1.35,1.26,1.2,1.2,1.17,1.19,1.19,1.12,1.23,1.42,1.46,1.41,1.33,1.36,1.45,1.47,1.46
Belarus,0,0,0,0,0,0,0,0,0,0,0,0,0,0,0,0,0,0,0,0,0,0,0,0,0,0,0,0,0,0,0,0,1.63,2.79,3.62,1.7,1.26,1.77,1.5,1.37,1.35,1.44,1.4,1.3,1.36,1.5,1.71,1.65,1.45,1.37,1.34,1.22,1.24,1.29,1.28,1.28,1.26,1.16
Belgium,3.29,3.15,3.18,3.12,3.11,2.88,3.02,3.04,3.02,2.85,2.78,2.76,2.74,2.7,2.63,2.92,2.95,3,3.11,3.11,3.1,3.22,3.12,3.05,2.87,2.8,2.82,2.77,2.51,2.35,2.25,2.19,1.75,1.66,1.6,1.54,1.51,1.45,1.41,1.38,1.34,1.28,1.22,1.21,1.15,1.09,1.05,1.09,1.21,1.16,1.08,1.04,1.04,1.01,0.978,0.923,0.923,0.907
Belize,0,0,0,0,0,0,0,0,0,0,0,0,0,0,0,0,0,0,0,0,0,1.08,1.44,1.53,1.54,1.56,0,0,0,1.2,1.15,1.06,1.02,1.09,1.36,1.3,1.24,1.44,0,0,0.855,0.855,0.84,0.864,0.897,0.961,1.01,1.07,1.37,1.29,1.1,1.04,0.967,1.1,1.17,1.11,1.2,1.24
Benin,0.575,0.922,1.16,1.17,1.41,1.38,1.23,1.28,1.32,1.21,1.23,1.28,1.2,1.33,1.16,1.16,1.03,1.35,0.921,1.48,1.68,1.33,1.31,1.62,2.02,1.89,1.97,2.28,2.28,1.9,1.67,0,0,0,0,0,0,0,0,0.663,0.564,0.489,0.851,0.885,0.924,0.931,0.91,0,0.907,0,0,0,0.959,0.939,0.958,1.1,0.928,1.26
Bolivia,0,0.799,0.769,0.881,0,0,0,0,1.27,1.27,1.65,1.45,1.65,1.67,1.89,2.42,2.44,2.27,2.6,2.71,3.5,4.05,2.21,1.66,2.35,2.44,2.35,2.38,2.02,2.16,2.82,2.69,2.51,1.92,2.25,2.1,1.99,2.27,2.69,2.13,2.06,2.26,2.03,2.15,1.92,1.77,1.57,1.69,1.96,1.99,1.67,1.68,1.85,1.84,1.9,1.74,1.63,1.76
Bosnia and Herzegovina,0,0,0,0,0,0,0,0,0,0,0,0,0,0,0,0,0,0,0,0,0,0,0,0,0,0,0,0,0,0,0,0,0,0,0,0,0,0,0,0,0,0,3.62,2.42,2,1.54,1.39,1.24,1.22,1.38,1.28,1.14,1.15,1.09,1.03,1,0.973,0.906
Botswana,0,0,0,0,0,0,0,0,0,0,0,0,0,0,0,0,0,1.25,2.42,2.97,3,2.9,2.32,2.09,2.1,1.88,2.46,3.76,3.54,3.33,4.12,4.37,4.29,4.46,4,3.51,2.9,3.2,3.78,3.09,3.19,3.83,4.11,4.01,3.51,2.86,2.7,2.8,3.04,3.22,2.73,2.32,2.23,2.06,2.13,2.66,3.29,3.06
Brazil,3.01,2.68,2.32,2.29,1.99,3.46,3.16,2.9,2.65,2.6,2.89,2.6,2.43,2.27,2.03,2.06,2.01,1.69,1.6,1.5,1.14,1.14,1.28,1.22,1.15,1.43,1.22,1.75,2.12,2.52,2.36,1.95,1.52,1.93,1.97,1.86,1.65,1.58,1.66,1.65,1.73,1.95,1.9,1.5,1.46,1.52,1.48,1.47,1.44,1.54,1.54,1.41,1.38,1.33,1.33,1.37,1.35,1.42
Brunei,0,0,0,0,0,0,0,0,0,0,0,0,0,0,0,0,0,0,0,0,0,0,0,0,2.57,2.89,4.67,3.79,6.63,6.23,6.57,6.63,6.02,5.7,6.41,6.04,6.42,7.1,7.26,5.62,4.07,3.89,3.87,3.71,2.53,2.61,2.56,2.64,2.51,3.26,2.85,2.24,2.16,2.28,3.09,3.28,3.54,2.87
Bulgaria,0,0,0,0,0,0,0,0,0,0,0,0,0,0,0,0,0,0,0,0,0,0,0,0,0,0,0,0,0,4.4,3.83,3.04,2.97,2.61,2.49,2.38,2.11,2.18,2.19,2.65,2.67,2.88,2.8,2.71,2.51,2.36,2.2,2.32,1.91,1.86,1.77,1.44,1.5,1.61,1.47,1.32,1.42,1.53
Burkina Faso,0.384,0.469,1.29,1.34,1.31,0.83,0.901,0.82,0.817,0.841,0.913,0.9,0.855,0.901,0.835,1.92,2,2.02,2.19,1.83,1.83,1.91,1.87,1.83,1.85,1.75,2.51,2.14,2.19,2.55,2.72,2.22,2.12,1.89,1.6,1.55,1.44,1.57,1.41,1.38,1.39,1.31,1.32,1.21,1.36,1.35,1.25,1.59,1.4,1.52,1.38,1.29,1.32,1.39,1.43,1.42,1.31,1.49
Burundi,0,0,3.94,0.435,0.446,1.35,1.38,1.33,1.41,1.75,0,1.04,1.46,1.95,2.23,2.03,2.22,2.55,2.79,2.56,3.02,3.1,3.62,3.17,3.03,2.8,2.88,2.72,3.16,3.4,3.5,3.66,3.6,3.86,4.53,4.21,5.86,6.36,6.57,6.26,4.86,6.07,5.44,5.53,4.9,4.44,3.51,3.41,2.72,0,0,0,2.39,2.24,2.01,2.16,2.21,1.83
Cambodia,0,0,0,0,0,0,0,0,0,0,0,0,0,0,0,0,0,0,0,0,0,0,0,0,0,0,0,0,0,0,0,0,0,1.76,3.84,3.58,3.24,3,2.66,2.51,2.2,1.77,1.52,1.45,1.3,1.13,1.04,0.915,0.798,1.31,1.49,1.5,1.55,1.6,1.66,2.11,1.85,2.09
Cameroon,0,0,0,0,0,0,0,0,0,0,1.77,1.74,1.66,1.66,1.6,1.64,1.67,1.63,1.53,1.49,1.5,1.82,1.99,1.89,1.74,1.36,1.23,1.25,1.26,1.33,1.47,1.51,1.52,1.16,1.14,1.13,1.13,1.18,1.27,1.35,1.22,1.2,1.26,1.3,1.27,1.24,1.33,1.33,1.31,1.32,1.35,1.18,1.22,1.21,1.15,1.14,1.2,1.18
Canada,4.14,4.12,3.98,3.61,3.39,2.92,2.67,2.74,2.54,2.27,2.15,2.09,1.98,1.8,1.75,1.83,1.73,1.77,1.82,1.68,1.73,1.68,1.92,2.04,2.07,2.05,2.06,2.02,1.95,1.9,1.92,1.86,1.82,1.78,1.66,1.52,1.37,1.22,1.23,1.21,1.12,1.14,1.12,1.12,1.11,1.11,1.13,1.19,1.25,1.38,1.2,1.2,1.12,1,0.992,1.15,1.18,1.25
Cape Verde,0,0,0,0,0,0,0,0,0,0,0,0,0,0,0,0,0,0,0,0,0,0,0,0,2.79,2.46,2.34,2.11,1.92,0,0,0,0.996,0.558,0.844,1.27,0.849,0.836,0.865,0.845,1.26,0.824,0.728,0.71,0.698,0.729,0.63,0.525,0.601,0.491,0.495,0.523,0.556,0.53,0.541,0.559,0.621,0.535
Central African Republic,0,0,0,0,0,0,0,0,0,0,0,0,0,0,0,0,0,0,0,0,0,0,0,0,0,0,0,0,0,0,0,1.57,1.64,1.5,1.26,1.17,1.21,0,0,0,0,0,1.08,1.32,1.19,1.15,0,1.13,1.59,1.82,2.6,2.27,1.97,3.16,2.26,1.69,1.53,1.42
Chad,0,0,0,0,0,0,0,0,0,0,0,0,0,0,0,0,0,0,0,0,0,0,0,4.73,4.36,3.66,4.57,2.95,5.25,3.94,1.98,0,1.88,2.68,1.88,1.39,1.54,1.08,0.923,1.37,1.54,1.53,1.73,1.5,1.14,0.835,3,4.5,5.91,7.99,5.78,5.02,0,5.61,2.82,2.01,3.29,2.12
Chile,2.94,3.33,2.89,2.73,2.51,2.75,2.61,2.59,2.42,2.15,4.25,5.99,6.3,5.98,6.81,6.39,5.8,6.62,6.48,6.02,6.15,6.64,8.53,7.36,7.45,6.43,5.9,5.24,3.84,3.31,3.11,2.74,2.54,2.62,2.57,2.49,2.44,2.5,2.59,2.72,2.7,2.67,2.55,2.73,2.71,2.52,2.49,2.32,2.58,2.26,2.24,2.25,2.05,1.99,1.96,1.9,1.92,1.85
China,0,0,0,0,0,0,0,0,0,0,0,0,0,0,0,0,0,0,0,0,0,0,0,0,0,0,0,0,0,2.5,2.56,2.41,2.52,2.03,1.78,1.72,1.69,1.67,1.7,1.92,1.89,2.08,2.19,2.12,2.06,2.01,2.01,1.91,1.88,2.07,1.9,1.82,1.84,1.87,1.92,1.93,1.93,1.87
Colombia,1.88,2.14,3.09,3.51,3.17,3.19,3.17,3.12,2.39,2.05,2.26,3.37,1.97,1.69,1.58,1.74,1.49,1.44,1.55,1.67,1.83,1.76,1.71,2.22,2.33,2.05,1.94,1.98,2.2,2.19,2.21,2.21,2.5,3.01,2.51,2.83,4.45,2.8,3.44,3.76,3.03,3.32,3.42,3.46,3.47,3.35,3.28,3.27,3.71,3.86,3.63,3.07,3.17,3.29,3.13,3.13,3.1,3.14
"Congo, Dem. Rep.",0,0,0,0.937,1.73,1.95,1.73,1.36,1.29,1.44,2.1,1.82,1.52,1.3,1.97,1.7,1.25,1.31,1.4,1.27,1.06,0.572,1.08,0.717,0.68,0.561,0.833,0.369,2.43,0.748,0.491,0.456,1.04,4.38,0,0,1.55,1.38,0.428,1.16,0.22,0,0,0.881,1.34,1.38,1.42,1.23,0.809,0.656,0.852,0.924,1.13,1.15,0.95,1.3,1.07,0.778
"Congo, Rep.",0,0,0,0,0,0,0,0,0,0,4.76,4.27,3.1,3.58,4.12,4.37,4.55,4.79,4.32,4.39,3.37,3.19,3.35,0,2.25,2.58,0,4.37,0,0,0,0,4.28,4.08,0,0,0,0,0,0,0,1.95,2.34,2.68,2.67,1.66,1.64,2,1.75,0,1.82,0,0,2.61,4.97,0,7.17,5.6
Costa Rica,0,0,0,0,0,0,0,0,0,0,0,0,0,0,0,0,0,0,0,0,0,0,0,0,0,0,0,0,0,0,0,0,0,0,0,0,0,0,0,0,0,0,0,0,0,0,0,0,0,0,0,0,0,0,0,0,0,0
Cote d'Ivoire,0,0,1.36,1.06,1.21,1.4,1.3,1.36,1.19,1.19,1.22,1.51,1.72,1.14,1.34,1.18,1.13,0.821,1.1,1.12,1.16,1.09,1.14,1.12,1.03,0.997,1.05,1.22,1.25,1.33,1.33,1.37,1.41,1.35,1.01,0,0.846,0.798,0,0,0,0,0,1.39,1.52,1.46,1.5,1.59,1.52,1.73,1.56,1.41,1.51,1.38,1.48,1.72,1.66,1.24
Croatia,0,0,0,0,0,0,0,0,0,0,0,0,0,0,0,0,0,0,0,0,0,0,0,0,0,0,0,0,0,0,0,0,0,0,0,9.2,8.19,7.54,5.61,4.43,3.03,2.7,2.73,2.05,1.76,1.76,1.68,1.63,1.84,1.8,1.7,1.77,1.69,1.65,1.57,1.52,1.37,1.41
Cuba,0,0,0,0,0,0,0,0,0,0,0,0,0,0,0,0,0,0,5.71,5.88,5.66,5.03,6.23,5.94,6.56,6.36,6.47,6.56,6.49,6.53,6.41,6.51,0,1.81,0,0,0,0,0,0,0,0,0,3.51,3.41,3.87,3.24,3.23,3.32,3.38,3.33,3.08,3.94,3.51,3.54,3.08,0,
Cyprus,0,0,0,0,0,0,0,0,0,0,0,0,0,0,0,0,0,0,0,0,0,0,0,0,0,1.27,1.58,5.39,5.7,5.37,7.37,7.26,9.13,4.07,4.02,3.04,4.52,5.57,4.68,2.73,2.77,3.1,2.09,1.98,1.94,2.01,1.87,1.68,1.63,1.82,1.87,1.75,1.66,1.6,1.53,1.67,1.57,1.83
Czech Republic,0,0,0,0,0,0,0,0,0,0,0,0,0,0,0,0,0,0,0,0,0,0,0,0,0,0,0,0,0,0,0,0,0,2.01,1.97,1.78,1.68,1.6,1.75,1.86,1.88,1.75,1.82,1.89,1.71,1.79,1.58,1.43,1.24,1.32,1.2,1.09,1.07,1.03,0.973,0.953,1,1.04
Denmark,2.58,2.46,2.87,2.87,2.69,2.68,2.57,2.53,2.62,2.35,2.32,2.25,2.1,1.89,2.14,2.3,2.12,2.14,2.19,2.17,2.27,2.34,2.32,2.27,2.13,2.01,1.87,1.96,2.01,1.94,1.92,1.92,1.86,1.87,1.74,1.69,1.64,1.62,1.61,1.56,1.46,1.53,1.51,1.47,1.42,1.31,1.38,1.31,1.35,1.35,1.4,1.31,1.35,1.23,1.15,1.12,1.17,1.17
Djibouti,0,0,0,0,0,0,0,0,0,0,0,0,0,0,0,0,0,0,0,0,0,0,0,0,0,9.21,0,8.25,7.85,7.6,6.88,6.87,7.03,6.67,6.25,5.95,4.96,5.28,5.19,5,4.72,4.55,5.63,6.71,5.61,6.33,6.44,4.07,3.63,0,0,0,0,0,0,0,0,
Dominican Republic,5.7,5.55,4.61,4.15,4.14,4.53,3.78,3.46,3.46,2.89,2.42,2.2,1.99,1.79,1.97,1.83,1.93,1.89,2.16,2.18,1.58,1.72,1.58,1.46,1.35,1.21,1.34,1.02,0.88,0.8,0.676,0.348,0.556,0.744,0.719,0.536,0.627,0.767,0.762,0.8,1.03,1.21,1.06,0.764,0.688,0.767,0.683,0.628,0.7,0.667,0.668,0.603,0.653,0.612,0.662,0.666,0.663,0.652
Ecuador,2.66,2.08,1.91,1.65,1.78,0.998,0.943,0.991,1.14,1.28,1.07,1.08,1.17,1.26,1.13,1.32,1.29,1.86,1.38,1.31,1.17,1.07,1.15,1.17,1.14,1.66,1.35,1.49,1.52,1.36,1.33,1.23,1.17,1.46,1.28,1.95,1.66,1.77,1.96,1.51,1.45,1.57,1.77,2.28,1.94,2.3,2.03,2.57,2.67,3.12,3.01,3.1,2.95,2.88,2.74,2.62,2.55,2.36
Egypt,0,0,0,0,0,9.57,8.47,8.76,10.8,13.6,15.5,17,13.7,13,16.7,14.4,12.8,12.9,9.93,6.35,5.78,7.34,7.77,8.7,9.19,8.88,8.63,6.52,5.05,3.97,3.64,3.8,3.38,3.3,3.32,3.24,3.13,2.89,2.8,2.7,2.68,3.14,3.45,3.34,3.03,2.85,2.74,2.5,2.29,2.14,2.05,1.93,1.65,1.61,1.69,1.72,1.67,1.43
El Salvador,0,0,0,0,0,0.739,0.709,0.694,0.656,0.715,0.63,0.718,0.882,0.865,0.801,0.831,0.882,0.972,1.12,1.58,1.74,2.28,2.78,3.55,6.44,6.59,4.33,4.47,4.27,4.87,3.4,2.76,2.31,1.74,1.42,1.25,1.16,1.1,1.01,1.02,0.937,1.23,1.28,0.956,0.933,0.904,0.888,0.973,0.962,1.08,1.09,1.09,1.05,1.08,1.03,1.07,1.03,0.995
Equatorial Guinea,0,0,0,0,0,0,0,0,0,0,0,0,0,0,0,0,0,0,0,0,0,0,0,0,0,0,0,0,0,0,0,0,0,0,2.36,2.43,0,0,0,0,0,0,0,0,0,0,0,1.5,1.48,2.47,0,0,0,0,0.766,0,0.162,
Eritrea,0,0,0,0,0,0,0,0,0,0,0,0,0,0,0,0,0,0,0,0,0,0,0,0,0,0,0,0,0,0,0,0,0,22,13.4,20.8,22,12.8,35.3,39.6,32.7,22.1,20.7,20.9,0,0,0,0,0,0,0,0,0,0,0,0,0,
Estonia,0,0,0,0,0,0,0,0,0,0,0,0,0,0,0,0,0,0,0,0,0,0,0,0,0,0,0,0,0,0,0,0,0,0,0,0.958,0.874,1.05,1.07,1.29,1.38,1.5,1.67,1.74,1.7,1.9,1.86,2,2.09,2.21,1.7,1.68,1.9,1.91,1.95,2.05,2.13,2.08
Ethiopia,0,0,0,0,0,0,0,0,0,0,0,0,0,0,0,0,0,0,0,0,0,5.01,5.03,4.77,5.22,4.53,4.46,4.53,5.64,6.81,6.45,3.93,2.43,2.17,2.03,1.57,1.49,2.71,6.06,9.66,7.56,4.32,3.69,3.24,3.08,2.76,2.27,1.86,1.49,1.18,1.13,1.09,0.868,0.806,0.768,0.705,0.665,0.65
Fiji,0,0,0,0,0,0,0,0,0,0,0.188,0.217,0.249,0.219,0.242,0.3,0.396,0.507,0.873,0.939,0.862,0.919,1.25,1.34,1.32,1.23,1.13,2.13,2.22,2.46,2.28,2.35,1.99,1.96,1.84,1.76,1.54,1.48,1.36,1.23,1.9,1.98,1.68,1.61,1.72,1.43,1.74,2.22,1.52,1.79,1.61,1.61,1.49,1.39,1.03,0.972,0.967,0.907
Finland,1.71,1.78,2.44,1.87,1.8,1.74,1.66,1.57,1.7,1.39,1.35,1.42,1.5,1.42,1.24,1.47,1.31,1.38,1.4,1.44,1.63,1.51,1.6,1.77,1.56,1.63,1.66,1.6,1.56,1.48,1.51,1.72,1.84,1.81,1.7,1.42,1.53,1.54,1.46,1.22,1.24,1.14,1.15,1.45,1.47,1.47,1.44,1.29,1.39,1.57,1.5,1.5,1.54,1.54,1.46,1.46,1.43,1.43
France,6.19,6.04,5.89,5.41,5.18,5.02,4.9,4.9,4.72,4.2,3.96,3.8,3.7,3.59,3.49,3.61,3.57,3.67,3.72,3.69,3.77,3.88,3.85,3.87,3.81,3.76,3.69,3.73,3.54,3.45,3.36,3.36,3.22,3.22,3.18,2.98,2.89,2.84,2.66,2.61,2.48,2.42,2.44,2.49,2.51,2.41,2.35,2.28,2.26,2.49,2.34,2.26,2.24,2.22,2.23,2.27,2.33,2.25
Gabon,0,0,0,0,0,0,0,1.11,1.02,1.37,1.43,1.44,1.55,1.3,0.68,0.781,0.668,1.03,0,1.88,1.6,2.29,2.45,2.55,2.26,2.86,4,0,0,0,0,0,0,0,0,0,0,0,0,0,1.8,1.79,1.78,1.67,1.61,1.23,1.26,0,0,0,1.87,1.46,1.62,1.6,1.14,1.19,1.45,2.06
Gambia,0,0,0,0,0,0,0,0,0,0,0,0,0,0,0,0,0,0,0,0,0,0,0,0.341,0.477,0.551,0.564,0.631,0.811,0.958,1.09,0.579,0.49,0.339,0.31,0.367,0.463,0.52,0.482,0.432,0.425,0.357,0.391,0.41,0.334,0.478,0.425,0.569,1.78,0.788,0,0,1.23,1.15,1.75,1.53,0,
Georgia,0,0,0,0,0,0,0,0,0,0,0,0,0,0,0,0,0,0,0,0,0,0,0,0,0,0,0,0,0,0,0,0,0,0,0,0,2.21,1.25,1.14,0.924,0.616,0.74,1,1.07,1.37,3.34,5.22,9.16,8.52,5.61,3.9,3.25,3.1,2.74,2.52,2.38,2.44,2.19
Germany,0,0,0,0,0,0,0,0,0,0,2.87,2.91,3.02,3.01,3.1,3.13,2.99,2.89,2.9,2.82,2.82,2.9,2.89,2.88,2.79,2.73,2.66,2.64,2.51,2.41,2.4,2.12,1.98,1.8,1.65,1.59,1.56,1.5,1.48,1.48,1.44,1.41,1.41,1.4,1.35,1.33,1.27,1.24,1.28,1.39,1.35,1.28,1.31,1.22,1.18,1.18,1.2,1.21
Ghana,1.71,2.11,2.02,2.02,1.92,1.73,2.23,0,2.66,2.5,2.12,1.7,1.43,1.37,1.58,1.71,1.57,1.25,0.851,0.646,0.774,0.74,0.541,0.341,0.593,1,0.9,0.893,0.438,0.431,0.469,0.627,0.649,0.687,0.694,0.759,0.641,0.66,0.768,0.768,1.02,0.609,0.6,0.698,0.635,0.598,0.371,0.509,0.398,0.455,0.381,0.592,0.804,0.533,0.679,0.527,0.382,0.399
Greece,3.83,3.34,3.19,3.02,2.82,2.76,2.83,3.43,3.7,3.78,3.61,3.54,3.4,3.02,4.14,5.02,5.01,5.08,4.79,4.45,4,4.93,4.83,4.44,4.15,4.03,3.55,3.65,3.61,3.23,3.26,2.99,3.12,3.09,3.08,3.05,3.16,3.19,3.34,3.36,3.47,3.25,3.08,2.49,2.61,2.84,2.78,2.68,2.98,3.22,2.73,2.48,2.41,2.36,2.33,2.46,2.58,2.55
Guatemala,1.16,1.12,1.05,1.17,1,1.4,1.37,1.46,1.27,1.03,1.7,1.12,1.14,0.911,0.898,1.23,1.27,1.37,1.18,1.31,1.32,1.89,2.03,2.04,2.19,2.01,1.67,1.75,1.87,1.8,1.73,1.27,1.47,1.27,1.18,1.08,0.896,0.743,0.721,0.676,0.818,1.05,0.762,0.816,0.479,0.384,0.432,0.398,0.425,0.391,0.411,0.414,0.445,0.464,0.418,0.396,0.424,0.375
Guinea,0,0,0,0,0,0,0,0,0,0,0,0,0,0,0,0,0,0,0,0,0,0,0,0,0,0,0,0,0,0,0,2.38,1.69,1.34,1.36,0,0,1.17,1.26,1.6,1.53,3.1,3.32,2.44,2.23,0,0,0,0,0,0,0,2.21,2.35,2.24,2.52,1.86,1.59
Guinea-Bissau,0,0,0,0,0,0,0,0,0,0,0,0,0,0,0,0,0,0,0,0,0,0,4.65,7.92,4.05,3.22,2.57,2.23,0,2.08,0,0,0,0,0.856,0.871,0.702,0.677,1.4,0,2.57,1.58,1.53,1.58,0,2.06,0,0,0,1.66,2.02,1.6,2.48,2.08,2.04,1.63,0,
Guyana,0,0,0,0,0,0,0,0,0,0,0,0,0,1.64,2.6,6.43,7.63,5.5,3.49,3.3,3.7,3.94,5.13,4.52,4.78,8.5,5.48,2.98,2.66,1.58,0.906,0.603,0.984,0.976,1.01,0.916,0.788,0,0,0,1.77,2.06,2.3,2.2,2.82,2.24,1.31,1.43,1.59,1.51,1.37,1.26,1.17,1.18,1.28,1.47,1.46,1.56
Haiti,0,0,0,0,0,0,0,0,0,0,0,0,0,0,0,0,0,0,0,0,0,0,0,0,0,0,0,0,0,0,0,0.0876,0.0826,0.0913,0.0753,0.092,0,0,0,0,0,0,0,0,0,0,0,0,0,0,0,0,0,0.00062,0.00062,0.00089,0.00085,0.00088
Honduras,1.17,1.08,0.988,0.931,1.28,1.23,1.18,1.14,1.09,1.08,1.37,1.56,1.92,1.75,1.63,1.9,1.76,1.9,2.23,2.2,2.22,2.15,2.31,2.27,2.44,2.58,2.77,2.95,2.85,2.67,2.2,1.54,0,1.16,0,0,0,0,0,0,0.73,0.823,0.809,0.998,0.683,0.641,0.692,0.776,0.954,1.07,1.07,1.13,1.15,1.55,1.56,1.54,1.63,1.58
Hungary,0,0,0,0,0,0,0,0,0,0,0,0,0,0,0,0,0,0,0,0,0,0,0,0,0,0,0,0,0,0,0,2.08,2.1,1.83,1.75,1.32,1.25,1.47,1.27,1.43,1.51,1.57,1.59,1.64,1.47,1.41,1.22,1.27,1.18,1.13,1.03,1.05,1.03,0.947,0.863,0.922,1.02,1.02
Iceland,0,0,0,0,0,0,0,0,0,0,0,0,0,0,0,0,0,0,0,0,0,0,0,0,0,0,0,0,0,0,0,0,0,0,0,0,0,0,0,0,0,0,0,0,0,0,0,0,0,0,0,0,0,0,0,0,0,0
India,1.87,1.93,2.56,3.76,3.56,3.62,3.33,3.01,3.03,2.93,2.98,3.42,3.48,2.95,3,3.31,3.26,2.96,2.93,3.06,2.94,2.99,3.13,3.11,3.18,3.33,3.83,3.95,3.73,3.53,3.24,3,2.79,2.91,2.75,2.66,2.55,2.73,2.81,3.05,3.04,3.02,2.92,2.76,2.92,2.84,2.61,2.42,2.63,2.98,2.79,2.65,2.54,2.47,2.49,2.39,2.49,2.49
Indonesia,0,0,0,0,0,0,0,0,0,0,0,0,0,0,2.71,3.49,3.42,3.21,3.16,3.02,2.92,3.1,3.04,2.53,2.36,2.26,2.17,1.77,1.61,1.49,1.52,1.46,1.47,1.22,1.27,1.23,1.26,1.5,1.02,0.811,0.684,0.573,0.7,0.909,0.946,0.751,0.716,0.775,0.633,0.612,0.618,0.654,0.712,0.919,0.778,0.887,0.791,0.804
Iran,2.35,2.39,2.34,2.61,2.89,3.23,3.77,4.38,5.07,5.81,5.65,2.93,2.17,1.78,8.39,11.4,10.5,9.46,10.4,5.53,5.1,7.91,7.63,6.68,5.99,6.17,5.78,5.62,5.93,4.31,2.95,2.2,1.8,1.73,2.13,2.22,2.3,2.57,2.72,2.46,2.34,2.47,2.19,2.42,2.76,3,3.29,2.67,2.69,3.02,2.76,2.37,2.74,2.22,2.23,2.69,2.88,3.24
Iraq,7.05,6.85,6.91,8.25,7.91,0,0,0,10.1,12.5,12.2,11,11.2,12.8,12.4,11.8,9.92,10.1,8.36,6.27,5.57,10.6,0,0,0,0,0,0,0,0,0,0,0,0,0,0,0,0,0,0,0,0,0,0,1.68,2.24,1.9,2.24,2.37,2.9,2.71,2.3,1.9,3.32,2.95,5.35,3.48,3.76
Ireland,1.33,1.32,1.29,1.24,1.3,1.33,1.23,1.19,1.13,1.1,1.16,1.24,1.33,1.31,1.41,1.63,1.61,1.52,1.48,1.58,1.66,1.58,1.59,1.49,1.41,1.42,1.42,1.28,1.2,1.11,1.2,1.25,1.2,1.14,1.11,1.01,0.99,0.924,0.824,0.751,0.696,0.704,0.634,0.588,0.568,0.541,0.513,0.508,0.576,0.599,0.574,0.544,0.513,0.5,0.462,0.343,0.329,0.336
Israel,6.59,6.93,8.11,8.66,8.18,8.57,9.43,15.4,17.4,19.1,20.9,19.9,17.4,23.8,23.7,25.8,23.8,19.1,19,16,17.1,18.4,16.2,13.7,14.5,14.6,12.9,14.6,15.2,12.4,12.3,15.5,10.8,11.5,10.1,8.88,8.68,8.41,7.85,7.34,7.08,7.32,8.31,8.5,8.19,7.64,7.48,6.76,6.56,6.75,6.24,6.24,6.04,5.92,5.99,5.67,4.65,4.72
Italy,2.82,2.67,2.73,2.86,2.83,2.85,2.92,2.68,2.55,2.33,2.21,2.4,2.56,2.34,2.2,2.09,1.93,2,1.99,1.98,1.88,1.94,2.13,2.15,2.14,2.06,2.11,2.2,2.21,2.15,1.99,1.96,1.9,1.94,1.86,1.65,1.79,1.83,1.85,1.9,1.96,1.89,1.92,1.93,1.9,1.81,1.72,1.63,1.73,1.75,1.7,1.68,1.63,1.59,1.47,1.38,1.52,1.52
Jamaica,0,0,0,0,0,0,0,0,0,0,0,0,0,0,0,0,0.925,0.941,0,0,0,1.51,1.63,1.39,1.06,0.891,0.854,0.77,0.808,0.929,0.841,0.777,1.33,0.819,0.628,0.537,0.565,0.653,0.542,0.508,0.484,0.504,0.585,0.582,0.536,0.528,0.609,0.652,0.953,0.947,0.874,0.925,0.93,0.9,0.873,0.873,0.956,0.89
Japan,1.08,0.92,0.886,0.906,0.878,0.903,0.883,0.839,0.797,0.775,0.741,0.79,0.807,0.781,0.826,0.87,0.854,0.854,0.854,0.87,0.879,0.89,0.899,0.919,0.927,0.936,0.936,0.933,0.919,0.915,0.919,0.915,0.921,0.928,0.923,0.917,0.911,0.92,0.939,0.945,0.931,0.947,0.956,0.956,0.942,0.932,0.917,0.898,0.92,0.984,0.959,0.987,0.967,0.951,0.967,0.958,0.94,0.931
Jordan,0,0,0,0,0,10.5,11.6,16.6,22.8,18,17.2,16,16.4,16,13.6,13.3,17.2,12.5,11.7,12.2,10.6,10,9.94,9.85,9.22,10,9.77,9.58,9.36,9.07,7.75,9.97,6.92,6.98,6.54,4.45,6.03,6.13,6.27,6.28,6.26,5.89,5.45,6,5.14,4.8,4.66,6.03,6.18,6.58,5.9,5.53,4.76,4.3,4.32,4.3,4.58,4.84
Kazakhstan,0,0,0,0,0,0,0,0,0,0,0,0,0,0,0,0,0,0,0,0,0,0,0,0,0,0,0,0,0,0,0,0,0,1.02,0.897,1.07,1.15,1.07,1.1,0.853,0.785,1,0.998,1.03,0.988,1.04,0.979,1.3,1.15,1.1,1.01,0.937,1.05,1.08,1.04,1.11,0.934,0.837
Kenya,0,0,0,0.201,0.589,0.992,1.12,1.3,1.21,1.08,1.06,1.24,1.41,1.49,1.57,1.66,2.18,3.29,4.52,4.67,3.74,3.52,3.79,3.49,2.83,2.38,2.5,3.13,3,2.76,2.88,2.35,1.9,1.84,1.64,1.65,1.42,1.34,1.22,1.18,1.3,1.5,1.63,1.65,1.61,1.69,1.46,1.55,1.62,1.56,1.56,1.54,1.67,1.56,1.33,1.32,1.32,1.29
Kuwait,0,0,0,0,0,0,0,0,0,0,2.39,1.89,2.04,2.52,2.96,0,0,5.29,4.76,3.56,3.32,4.16,5.96,6.83,6.76,6.43,7.24,5.98,8.24,8.54,48.7,117,31.8,12.4,13.3,13.6,10.3,8.09,8.8,7.59,7.15,7.7,7.4,6.54,5.8,4.34,3.54,3.59,3.01,3.97,3.76,3.5,3.41,3.27,3.59,5.01,5.81,5.69
Kyrgyz Republic,0,0,0,0,0,0,0,0,0,0,0,0,0,0,0,0,0,0,0,0,0,0,0,0,0,0,0,0,0,0,0,0,1.64,1.53,2.59,3.46,2.99,3.11,2.67,2.6,2.88,2.35,2.73,2.87,2.85,3.08,3.17,3.06,2.9,3.18,3.85,3.4,3.21,3.2,3.38,3.45,3.34,2.94
Lao,0,0,0,0,0,0,0,0,0,0,0,0,0,0,0,0,0,0,0,0,0,0,0,0,0,0,0,0,0,0,0,0,9.07,8.11,7.52,5.88,4.19,3.84,2.61,1.06,0.793,0.717,0.65,0.547,0.486,0.437,0.388,0.351,0.299,0.24,0.215,0.217,0.199,0.19,0,0,0,
Latvia,0,0,0,0,0,0,0,0,0,0,0,0,0,0,0,0,0,0,0,0,0,0,0,0,0,0,0,0,0,0,0,0,0,0,0,0.806,0.639,0.582,0.588,0.751,0.882,1.04,1.54,1.61,1.6,1.61,1.72,1.56,1.63,1.39,1.09,1.04,0.909,0.937,0.944,1.05,1.48,1.7
Lebanon,0,0,0,0,0,0,0,0,0,0,0,0,0,0,0,0,0,0,0,0,0,0,0,0,0,0,0,0,1.19,0,7.55,5.15,7.98,6.01,6.64,6.37,5.37,4.31,4.02,4.77,5.39,5.43,4.74,4.6,4.56,4.52,4.63,4.69,4,4.02,4.13,4.06,4.01,4.21,4.75,4.53,5.26,4.71
Lesotho,0,0,0,0,0,0,0,0,0,0,0,0,0,0,0,0,1.55,1.44,1.51,1.85,2.7,2.85,4.29,3.64,3.69,3.97,4.19,4.5,3.6,4.56,4.05,3.17,2.92,2.65,2.94,3.43,3,2.88,2.99,3.73,3.44,2.83,2.52,2.36,2.08,2,1.96,2.19,1.46,2.54,2.96,2.09,1.99,1.9,1.82,1.76,1.81,1.98
Liberia,0,0,0,0,0,1.18,1.15,1.17,1.1,0.994,1.1,1.19,1.1,0.969,0.934,0.952,1.07,1.15,1.24,1.15,1.49,3.11,5.02,4.71,2.94,2.95,2.9,2.29,2.41,0,0,7.18,10.1,19,29.7,0,0,0,0,0,0,0,0,0,0.67,1.46,0.65,0.472,0.46,0.623,0.654,0.859,0.875,0.776,0.722,0.728,0.695,0.633
Libya,0,0,0,0,0,0,0,0,0,0,0,0,0,0,0,0,0,0,0,0,0,0,0,0,0,0,0,0,0,0,0,0,0,0,0,0,0,4.08,5.3,3.21,2.84,2.4,2.21,2.08,2.08,1.46,1.12,0.947,1.26,0,0,0,3.65,6.05,9.13,0,0,
Lithuania,0,0,0,0,0,0,0,0,0,0,0,0,0,0,0,0,0,0,0,0,0,0,0,0,0,0,0,0,0,0,0,0,0,0,0,0.454,0.504,0.747,1.23,0.97,1.22,1.36,1.27,1.12,1.2,1.16,1.16,1.11,1.13,1.08,0.879,0.792,0.767,0.765,0.88,1.14,1.49,1.73
Luxembourg,0.747,0.824,0.958,0.88,1.03,1.03,1.02,0.844,0.701,0.633,0.551,0.575,0.596,0.571,0.553,0.702,0.719,0.732,0.75,0.742,0.841,0.883,0.87,0.879,0.841,0.804,0.772,0.849,0.882,0.731,0.731,0.752,0.767,0.656,0.688,0.659,0.65,0.679,0.708,0.633,0.603,0.753,0.65,0.672,0.677,0.653,0.583,0.562,0.424,0.434,0.515,0.428,0.419,0.419,0.421,0.478,0.445,0.512
"Macedonia, FYR",0,0,0,0,0,0,0,0,0,0,0,0,0,0,0,0,0,0,0,0,0,0,0,0,0,0,0,0,0,0,0,0,0,0,0,0,2.96,2.24,2.21,1.8,1.85,6.1,2.65,2.34,2.38,2.03,1.84,1.95,1.74,1.69,1.38,1.26,1.23,1.17,1.09,0.995,0.945,0.991
Madagascar,0.238,1.21,1.24,1.18,1.18,1.28,1.26,1.27,1.26,1.23,1.09,1.06,1.2,1.23,1.35,1.32,1.51,1.86,1.95,2.36,2.24,2.41,0,0,1.87,1.78,1.55,1.43,1.35,1.21,1.23,1.31,0.764,1.12,0.926,0.86,1.24,1.48,1.35,1.21,1.22,1.44,1.31,1.32,1.25,1.07,0.977,1.12,1.1,0.83,0.652,0.728,0.692,0.678,0.653,0.605,0.594,0.583
Malawi,0,0,0,0,0,0.772,0.71,0.791,0.767,0.737,0.707,0.641,0.664,1.06,0.967,1.53,1.37,1.69,2.69,4.07,4.29,3.11,2.29,1.82,1.56,1.75,2.09,1.83,1.46,1.43,1.29,1.08,1.4,1.24,1.44,0.791,0.883,0.992,0.827,0.811,0.673,0.739,0.424,0.409,0.632,1.05,0.778,0.758,0.836,0.95,0.718,0.66,0.766,1.14,0.818,0.638,0.643,0.749
Malaysia,2.68,2.23,2.19,2.42,3.16,4.01,4.73,4.5,4.45,3.92,5.17,5.37,4.98,3.87,4.18,4.72,3.98,4.85,3.71,3.67,4.23,5.79,5.37,4.42,3.75,3.45,3.22,4.15,2.43,2.62,2.56,3.2,2.99,2.88,2.85,2.75,2.4,2.09,1.61,2.1,1.63,2.08,2.22,2.61,2.26,2.17,2.01,2.05,1.91,1.96,1.51,1.57,1.43,1.52,1.46,1.53,1.41,1.12
Mali,0,0,0,0,0,0,0,1.84,1.53,1.67,1.71,1.47,1.71,1.95,2.16,2.3,2.32,2.48,2.54,2.27,2.18,2.06,2.21,2.06,2.06,2.14,2.03,2.12,2.21,2.11,1.94,0,0,1.58,1.44,1.5,1.43,1.49,1.4,1.27,1.48,1.3,1.27,1.42,1.42,1.38,1.39,1.36,1.47,1.42,1.37,1.24,1.2,1.16,1.52,2.36,2.58,3.04
Malta,0,0,0,0,0,0,0,0,0,0,0,0,0,0,0,0,0,0,0,0,0,0,0,0,0,1.16,1.15,1.32,1.11,1.01,0.83,0.791,0.883,0.909,0.929,0.905,0.933,0.84,0.741,0.678,0.589,0.626,0.606,0.625,0.668,0.822,0.655,0.621,0.624,0.693,0.672,0.588,0.542,0.53,0.503,0.49,0.529,0.509
Mauritania,0,0,0,0,0,0,0,0,0,0,0,0,0,0,0,0,0,0,0,0,0,0,0,0,0,6.01,5.29,4.81,4.49,3.96,3.94,2.73,2.69,2.41,2.24,2.26,2.63,2.97,1.86,2.27,2.93,4,2.74,4,3.84,3.05,2.69,0,3.06,3.14,0,0,2.72,2.56,2.7,2.75,2.9,
Mauritius,0,0,0,0,0,0,0,0,0,0,0,0,0,0,0,0,0.186,0.172,0.172,0.204,0.487,0.465,0.261,0.268,0.251,0.219,0.197,0.193,0.219,0.289,0.346,0.367,0.354,0.33,0.333,0.333,0.293,0.234,0.203,0.211,0.204,0.198,0.199,0.194,0.171,0.173,0.154,0.143,0.156,0.168,0.149,0.152,0.143,0.191,0.154,0.18,0.188,0.179
Mexico,0.644,0.61,0.653,0.66,0.598,0.546,0.536,0.503,0.507,0.554,0.498,0.488,0.536,0.544,0.566,0.574,0.598,0.534,0.505,0.505,0.416,0.514,0.494,0.523,0.658,0.673,0.631,0.58,0.536,0.517,0.505,0.509,0.55,0.465,0.547,0.476,0.502,0.478,0.471,0.484,0.469,0.468,0.451,0.445,0.4,0.413,0.419,0.454,0.445,0.539,0.557,0.548,0.581,0.615,0.659,0.662,0.559,0.502
Moldova,0,0,0,0,0,0,0,0,0,0,0,0,0,0,0,0,0,0,0,0,0,0,0,0,0,0,0,0,0,0,0,0,0,0,0,0.926,0.907,0.903,0.647,0.511,0.395,0.403,0.42,0.416,0.361,0.4,0.483,0.516,0.609,0.458,0.316,0.327,0.328,0.334,0.345,0.354,0.437,0.376
Mongolia,0,0,0,0,0,0,0,0,0,0,0,0,0,0,0,0,0,0,0,0,0,0,0,0,0,0,0,8.75,9.36,7.92,4.62,3.93,2.11,1.82,1.77,1.47,1.61,1.58,1.77,1.7,2.13,1.82,1.81,1.53,1.39,1.18,1.15,1.34,1.19,0.821,0.763,0.837,0.924,0.822,0.86,0.866,0.864,0.72
Montenegro,0,0,0,0,0,0,0,0,0,0,0,0,0,0,0,0,0,0,0,0,0,0,0,0,0,0,0,0,0,0,0,0,0,0,0,0,0,0,0,0,0,0,0,0,0,2.69,2.29,1.74,1.87,1.84,1.81,1.75,1.66,1.45,1.47,1.4,1.41,1.56
Morocco,2.04,2.38,2.26,2.82,2.5,2.14,2.36,2.31,2.78,2.33,2.25,2.55,2.76,2.98,3.15,4.6,6.02,6.62,5.84,5.63,5.15,5.48,5.42,3.87,3.46,4.62,3.74,3.75,3.57,3.76,3.54,3.56,3.64,3.95,3.83,3.68,3.35,3.58,3.46,2.9,2.21,3.73,3.49,3.49,3.25,3.26,3.11,3.05,3.18,3.29,3.39,3.3,3.46,3.81,3.68,3.25,3.21,3.2
Mozambique,0,0,0,0,0,0,0,0,0,0,0,0,0,0,0,0,0,0,0,0,2.62,2.81,2.85,3.59,4.05,3.32,3.25,3.55,3.05,3.42,3.37,2.2,2.55,2.43,2.9,1.3,1.02,0.994,1.01,1.07,1.1,1.06,1.06,1.07,1.14,0.806,0.691,0.733,0.728,0.773,0.977,0.905,0.911,0.986,1.02,0.994,1.03,0.84
Myanmar,6.96,6.53,6.61,6.39,6.88,6.7,6.68,5.93,5.33,5.5,5.7,5.83,5.94,6.41,4.02,3.77,3.79,4.04,3.92,3.56,3.42,3.46,3.22,3.07,2.92,2.98,2.88,1.97,2.14,2.96,3.4,3.17,3.35,3.52,3.54,3.68,3.49,2.67,2.31,1.99,2.31,1.8,1.3,1.92,1.91,1.56,0,0,0,0,0,0,3.71,3.81,3.58,4.08,3.81,2.48
Namibia,0,0,0,0,0,0,0,0,0,0,0,0,0,0,0,0,0,0,0,0,0,0,0,0,0,0,0,0,0,0,0,4.81,3.61,2.18,1.57,1.73,1.68,2.04,2.06,2.77,2.36,2.73,2.62,2.63,2.53,2.65,2.5,2.61,3.14,3.37,3.51,3.57,3.17,3.07,4.2,4.4,3.68,3.26
Nepal,0,0,0,0,0,0,0,0,0,0,0.599,0.667,0.635,0.751,0.696,0.699,0.853,0.955,0.912,0.934,1.03,0.992,1.09,1.25,1.22,1.2,1.18,1.16,1.08,1.11,1.08,1.07,1.05,1.02,0.973,0.941,0.901,0.881,0.927,0.947,0.962,1.1,1.45,1.59,1.79,1.93,1.75,1.55,1.6,1.65,1.56,1.54,1.43,1.54,1.63,1.56,1.54,1.55
Netherlands,3.7,4.09,4.12,4.01,3.93,3.57,3.37,3.52,3.26,3.23,2.87,2.84,2.82,2.7,2.65,2.84,2.69,2.95,2.75,2.84,2.73,2.79,3.09,2.81,2.8,2.74,2.7,2.7,2.6,2.51,2.36,2.24,2.21,2.02,1.91,1.79,1.76,1.66,1.58,1.59,1.45,1.45,1.45,1.46,1.44,1.41,1.41,1.37,1.32,1.41,1.34,1.3,1.25,1.18,1.17,1.14,1.17,1.22
New Zealand,2.57,2.37,2.2,2.1,2.36,2.25,2.53,2.51,2.62,2.56,2.6,2.28,2.13,1.94,2.04,2.11,1.95,2.02,2.1,2.08,2.9,2.62,2.43,2.28,2.21,2.2,2.28,2.41,2.08,2.15,2.33,2.26,2.07,1.9,1.83,1.82,1.78,1.7,1.7,1.62,1.58,1.47,1.38,1.35,1.25,1.21,1.31,1.25,1.25,1.34,1.32,1.23,1.19,1.12,1.13,1.09,1.11,1.13
Nicaragua,0,0,0,0,0,0,0,0,1.46,1.38,1.58,1.5,1.83,1.4,1.45,1.72,2.01,2.32,3.06,3.1,3.34,4.33,0,0,0,0,0,0,0,0,103,4,2.63,2.1,0.917,0.85,0.732,0.69,0.567,0.555,0.603,0.527,0.667,0.663,0.563,0.54,0.551,0.532,0.502,0.503,0.505,0.526,0.666,0.679,0.685,0.784,0.645,0.605
Niger,0,0,0,0,0,0,0,0,0,0,0,0,0,0,0,0.699,0.769,0.853,0.833,0.829,0.679,0.644,0.633,0.685,0.728,0.755,0.757,0.612,0,0,0,0,0,0,1.12,0.98,0.875,0.938,1.06,1.17,1.12,1.28,0.952,0.901,1.04,0.963,0,0,0.993,0.982,1.17,1.31,2.14,1.38,1.77,0,2.19,2.49
Nigeria,0.557,0.633,0.787,0.881,0.978,1.12,0.875,4.61,7.1,10.3,5.28,4.39,5.39,5.48,4.34,8.12,5.79,6.02,5.33,4.32,3.3,2.55,2.07,2.03,1.44,1.33,1.21,0.724,0.831,0.55,0.792,0.734,0.541,0.892,0.744,0.697,0.548,0.617,0.893,1.37,0.795,1.29,1.52,0.868,0.729,0.601,0.534,0.584,0.776,0.888,0.539,0.579,0.503,0.47,0.415,0.418,0.433,0.431
Norway,2.81,2.87,3.1,3.09,3.01,3.3,3.13,3.09,3.17,3.17,3.03,2.94,2.83,2.7,2.62,2.78,2.72,2.69,2.81,2.74,2.59,2.59,2.71,2.76,2.51,2.75,2.76,2.92,2.84,2.86,2.83,2.7,2.91,2.63,2.68,2.31,2.16,2.02,2.16,2.04,1.71,1.7,2.08,1.97,1.85,1.58,1.45,1.46,1.38,1.6,1.51,1.45,1.4,1.41,1.47,1.5,1.62,1.65
Oman,0,0,0,0,0,0,0,0,0,0,0,12.9,19.8,24.8,20.7,33.3,30.7,25,27.9,20.9,19.7,20.8,22.3,24.5,23.9,21.6,23.8,19.4,18.3,16.7,16.5,14.8,16.2,15.4,15.7,14.6,12.5,12.5,12.5,11.4,10.8,12.5,12.4,12.1,12,11.7,10.8,10.3,7.58,9.28,8.35,9.81,16.1,14.8,13.5,14.6,15.8,12
Pakistan,5.63,5.18,4.73,4.84,5.03,7.47,8.5,6.46,6.09,6.4,6.34,6.97,7.68,7.14,6.94,6.8,6.25,6.04,5.79,6,6.03,6.18,6.77,7.15,7.07,7.23,7.39,7.6,7.26,6.89,7.13,7.18,7.05,6.98,6.5,6.22,6.04,5.62,5.42,5.19,4.17,4.18,4.39,4.41,4.26,4.2,3.65,3.51,3.46,3.27,3.42,3.29,3.48,3.47,3.48,3.55,3.59,3.54
Panama,0,0,0,0,0,0,0,0,0,0,0,0,0,0,0,0,0,0,0,0,0,0,0,0,0,0,0,1.52,1.74,1.72,1.14,1.11,0.98,1.08,1.08,1.01,1.03,1.11,0.898,0.92,0,0,0,0,0,0,0,0,0,0,0,0,0,0,0,0,0,0
Papua New Guinea,0,0,0,0,0,0,0,0,0,0,0,0,0,0,0,0.585,1.45,1.36,1.41,1.31,1.52,1.53,0,0,0,1.41,1.41,1.35,1.27,1.5,2.13,1.39,1.34,1.38,1.52,1.17,1.53,1.62,1.32,1.04,0.96,0.822,0.569,0.547,0.622,0.626,0.377,0.412,0.337,0.448,0.325,0.357,0.519,0.494,0.487,0.484,0.397,0.34
Paraguay,2.73,2.48,2.55,2.67,2.67,2.92,3.22,3.31,3.48,3.48,3.52,3.41,4.14,3.48,2.62,3.22,3.03,2.9,2.96,2.03,2.18,2.53,3.8,3.65,3.51,3.72,3.65,2.55,2.86,2.13,1.97,2.83,2.37,2.18,2.05,2.28,2.06,1.69,1.54,1.39,1.35,1.19,1.1,0.964,1.05,0.887,1,0.96,0.909,1.06,1.02,1.14,1.3,1.28,1.29,1.42,1.25,1.18
Peru,1.91,2.17,2.02,2.7,2.77,2.57,2.37,3.94,1.97,2.01,2.93,2.98,3.01,3.31,3.28,4.2,4.83,7.09,5.32,3.26,5.23,4.59,5.82,5.35,3.79,4.42,3.97,3.94,2.46,2.54,2.67,2,2.49,2.72,2.47,2.65,2.53,2.03,2.06,1.98,1.76,1.74,1.53,1.52,1.38,1.58,1.46,1.3,1.25,1.53,1.48,1.37,1.48,1.64,1.6,1.74,1.32,0.988
Philippines,1.85,1.77,1.88,1.93,1.77,1.61,1.72,1.89,2.01,2.23,2.32,2.18,2.45,2.99,3.78,0,4.18,3.84,2.74,3.18,2.71,2.76,2.6,2.41,1.63,1.98,1.99,1.97,2.46,2.24,2.15,2.01,2.04,2.16,2.17,2.29,2.27,1.91,1.7,1.62,1.61,1.47,1.47,1.55,1.36,1.33,1.32,1.35,1.3,1.26,1.22,1.21,1.16,1.24,1.09,1.14,1.22,1.4
Poland,0,0,0,0,0,0,0,0,0,0,0,0,0,0,0,0,0,0,0,0,0,0,0,0,0,0,0,0,0,0,2.34,2.01,1.99,2.21,2.03,1.91,1.93,2.01,2,1.9,1.83,1.91,1.9,1.91,1.87,1.93,1.92,2,1.75,1.8,1.83,1.79,1.8,1.77,1.9,2.14,1.94,1.93
Portugal,3.32,5.05,5.49,5.14,5.34,4.96,5.01,5.8,5.85,5.38,5.38,5.63,5.28,4.52,5.64,4.02,3.07,2.69,2.65,2.64,2.64,2.64,2.63,2.54,2.49,2.41,2.41,2.35,2.39,2.4,2.38,2.37,2.35,2.31,2.18,2.26,2.12,2.04,1.88,1.89,1.86,1.91,1.94,1.89,1.97,2.05,1.95,1.82,1.84,2.03,1.98,2,1.91,2.09,1.79,1.79,1.74,1.74
Qatar,0,0,0,0,0,0,0,0,0,0,0,0,0,0,0,0,0,0,0,0,7.88,12.2,19.3,14,13,24.8,0,15.9,16.3,13.1,10.7,13,0,0,0,0,0,0,0,0,0,0,3.93,3.33,2.43,1.99,1.75,1.96,2.01,1.99,1.5,0,0,0,0,0,0,
Romania,0,0,0,0,0,0,0,0,0,0,0,0,0,0,0,0,0,0,0,0,0,2.2,2.04,1.99,1.91,4.3,4.45,3.91,4.21,4.8,4.55,4.77,4.25,2.74,3.11,2.61,2.35,3,2.99,2.64,2.5,2.42,2.29,2.09,2.01,1.98,1.82,1.48,1.4,1.29,1.25,1.29,1.23,1.28,1.35,1.45,1.41,1.9
Russia,0,0,0,0,0,0,0,0,0,0,0,0,0,0,0,0,0,0,0,0,0,0,0,0,0,0,0,0,0,0,0,0,4.76,4.49,4.86,4.07,4.04,4.34,2.94,3.3,3.55,3.81,4.04,3.94,3.55,3.58,3.49,3.35,3.38,4.21,3.85,3.42,3.69,3.85,4.1,4.85,5.39,4.2
Rwanda,0,0,0,0,0,0,0,0,0,0,0,0,0,3.22,2.52,1.63,1.61,2.15,1.59,1.77,1.88,2.04,2,1.89,1.6,1.59,1.79,1.67,1.53,1.73,3.73,5.51,4.37,4.54,3.44,4.36,5.33,4.17,4.38,4.45,3.53,3.4,3.05,2.45,1.97,1.74,1.73,1.45,1.39,1.4,1.29,1.15,1.09,1.08,1.13,1.25,1.27,1.21
Saudi Arabia,0,0,0,0,0,0,0,0,8.09,9.57,8.77,8.17,9.63,10.5,0,0,0,15.6,16.7,15.7,12.6,13.2,17.7,16.9,19,17,0,16.9,15.2,13.4,13.9,12.4,11.2,12.4,10.6,9.22,8.42,10.9,14.2,11.3,10.5,11.4,9.76,8.69,8.08,7.73,7.85,8.53,7.35,9.62,8.57,7.23,7.68,8.98,10.7,13.3,9.87,10.2
Senegal,0,0,0,0,0,0,0,0,0,0,0,0,0,0,0,0,0,0,0,2.93,2.75,2.73,2.35,2.55,2.41,2.19,2.04,1.98,2.11,2.03,2.07,1.96,1.83,2.11,1.71,1.66,1.57,1.52,1.49,1.52,1.33,1.41,1.39,1.41,1.34,1.43,1.59,1.71,1.62,1.68,1.51,1.6,1.38,1.59,1.57,1.57,2.08,1.88
Serbia,0,0,0,0,0,0,0,0,0,0,0,0,0,0,0,0,0,0,0,0,0,0,0,0,0,0,0,0,0,0,0,0,0,0,0,0,3.51,3.79,3.51,4.01,5.15,4.03,4.21,3.45,2.97,2.4,2.3,2.41,2.26,2.29,2.21,2.12,2.1,2.02,2.07,1.95,1.85,1.79
Seychelles,0,0,0,0,0,0,0,0,0,0,0,0,0,0,0,0,0,0,0,0,0,0,0,0,0,4.29,4.7,4.54,4.28,4.28,4.03,4.42,4.73,2.73,2.44,2.28,2.1,2.02,1.73,1.78,1.68,1.78,1.68,1.73,1.9,1.6,1.41,1.47,1.15,1.02,0.738,0.817,0.937,1.04,2.3,1.31,1.54,1.45
Sierra Leone,0,0.687,0.675,0.722,0.738,0.697,0.676,0.827,0.806,0.807,0.918,0.899,0.91,0.873,1.05,0.961,1.01,1.02,0.845,0.972,1.45,1.42,1.09,1.03,0.912,0.733,1.47,0.695,0.854,1.54,1.91,2.97,3.92,3.04,2.91,2.87,1.97,1.12,0,0,3.67,2.74,2.16,2.05,1.59,1.43,1.49,1.35,0.944,1.08,0.972,0.866,0.783,0.644,0.973,0.931,0.84,0.765
Singapore,0,0,0,0,0,0,0,0,0,0,5.4,5.64,5.09,4.7,4.29,4.65,5.04,5.68,5.2,4.65,4.64,4.74,4.65,4.07,4.7,5.66,5.44,4.87,4.55,4.49,4.63,4.45,4.47,4.09,3.79,4.18,4.25,4.45,5.21,5.21,4.52,4.83,4.92,4.87,4.42,4.29,3.95,3.62,3.88,3.92,3.43,3.23,3.16,3.07,3.08,3.09,3.19,3.16
Slovak Republic,0,0,0,0,0,0,0,0,0,0,0,0,0,0,0,0,0,0,0,0,0,0,0,0,0,0,0,0,0,0,0,0,0,1.94,1.89,3.15,2.97,2.28,1.74,1.57,1.66,1.84,1.78,1.84,1.65,1.68,1.6,1.48,1.46,1.52,1.27,1.08,1.09,0.983,0.988,1.13,1.12,1.18
Slovenia,0,0,0,0,0,0,0,0,0,0,0,0,0,0,0,0,0,0,0,0,0,0,0,0,0,0,0,0,0,0,0,0,0,0,0,1.57,1.54,1.4,1.36,1.21,1.09,1.3,1.39,1.4,1.43,1.41,1.54,1.44,1.49,1.59,1.61,1.3,1.17,1.05,0.974,0.93,1,0.983
Somalia,0,0.231,0.255,0.29,0.331,0.297,0.354,0.388,0.407,0.42,0.496,0.483,0.454,0.506,0.727,0.516,0.518,0.461,0.995,0.975,0.55,0.608,0.288,0.239,0.143,0.0507,0.029,0.017,0.0174,0.00153,0,0,0,0,0,0,0,0,0,0,0,0,0,0,0,0,0,0,0,0,0,0,0,0.00002,0.00005,0.00003,0.00003,0.00004
South Africa,0.924,1.43,2.19,2.01,2.62,2.55,2.63,2.71,2.68,2.54,2.27,2.39,2.31,2.57,2.99,3.76,4.58,5.1,4.42,3.75,3.21,3.52,3.5,3.49,3.58,3.58,3.7,4.06,4.48,4.22,3.78,3.13,2.73,2.42,2.49,2.12,1.76,1.58,1.38,1.27,1.39,1.48,1.53,1.47,1.36,1.38,1.29,1.18,1.15,1.21,1.12,1.1,1.13,1.12,1.11,1.1,1.07,1.04
South Korea,6.96,6.5,6.62,4.65,3.98,4.23,4.5,4.49,4.56,4.52,4.29,4.66,4.91,3.94,4.38,4.75,5.74,5.85,6.17,5.32,6.13,6.16,5.97,5.42,4.93,4.87,4.61,4.13,3.93,3.89,3.62,3.36,3.32,3.2,2.97,2.89,2.74,2.66,2.79,2.49,2.46,2.43,2.32,2.33,2.33,2.47,2.49,2.47,2.6,2.72,2.57,2.58,2.61,2.61,2.66,2.64,2.61,2.57
South Sudan,0,0,0,0,0,0,0,0,0,0,0,0,0,0,0,0,0,0,0,0,0,0,0,0,0,0,0,0,0,0,0,0,0,0,0,0,0,0,0,0,0,0,0,0,0,0,0,0,0,0,0,6.09,8.77,6.57,8.62,10.6,4.6,
Spain,1.93,1.73,1.91,1.66,1.81,1.77,1.95,1.73,2.12,2.24,2.1,1.94,2.13,1.94,2.03,1.84,2.13,2.13,2.17,2.29,2.37,2.46,2.54,2.8,2.83,2.82,2.5,2.49,2.37,2.25,2.19,2.03,1.95,1.92,1.91,1.87,1.76,1.68,1.67,1.76,1.73,1.63,1.46,1.42,1.43,1.38,1.36,1.36,1.36,1.35,1.38,1.32,1.41,1.27,1.25,1.27,1.13,1.24
Sri Lanka,1.18,1.18,1.08,0.898,0.852,0.853,0.873,0.845,0.794,0.807,0.917,1.36,1.19,0.875,0.795,0.804,0.659,0.684,0.803,0.834,0.766,0.627,0.545,0.889,0.922,3.16,2.7,3.39,2.37,1.8,2.33,3.08,3.37,3.43,3.73,5.86,5.52,4.63,4.64,4.03,5.03,4.29,3.46,2.87,3,2.64,2.8,3.26,3.71,3.62,2.7,2.68,2.16,2.15,2.41,2.55,2.13,2.14
Sudan,1.66,1.68,1.87,2.08,3.02,3.9,3.39,3.25,3.44,4.71,5.16,4.81,4.35,3.68,2.81,2.48,2.98,2.89,2.16,2.85,2.55,1.9,1.97,2.8,3.4,2.54,2.58,2.57,2.57,0,3.5,3.09,2.61,2.9,1.77,1,1.18,0.837,2.31,4.02,4.79,2.94,3.27,2.26,5.78,4.39,4.6,5.29,5.92,5.98,0,0,0,0,0,2.36,2.86,3.54
Swaziland,0,0,0,0,0,0,0,0,0,0,0,0,0,0,0,0,0,1.77,2.42,2.47,2.42,2.17,2.06,2.11,1.84,1.84,1.63,1.43,1.26,1.25,1.28,1.38,1.63,1.75,1.82,1.69,1.65,1.49,1.63,1.67,1.41,1.27,1.28,1.45,1.54,1.87,1.78,1.78,2.02,2.12,2.3,2.21,1.88,1.89,1.86,1.83,1.81,1.95
Sweden,3.55,3.5,3.63,3.68,3.59,3.63,3.58,3.36,3.23,3.21,2.98,3.02,3.02,2.91,2.85,2.73,2.66,2.75,2.79,2.77,2.71,2.73,2.64,2.54,2.48,2.48,2.41,2.48,2.41,2.34,2.39,2.3,2.29,2.39,2.28,2.17,2.15,1.97,1.92,1.9,1.84,1.72,1.65,1.6,1.44,1.42,1.33,1.31,1.17,1.18,1.21,1.12,1.15,1.13,1.14,1.08,1.06,1.03
Switzerland,2.1,2.22,2.3,2.26,2.28,2.24,2.3,2.16,1.97,1.99,0,0,0,0,0,0,0,0,0,0,1.68,1.66,1.73,1.75,1.7,1.83,1.66,1.56,1.57,1.53,1.57,1.54,1.52,1.37,1.33,1.36,1.28,1.22,1.18,1.09,1.03,0.992,0.956,0.927,0.889,0.853,0.773,0.734,0.739,0.749,0.705,0.711,0.687,0.731,0.65,0.666,0.684,0.682
Syria,10.5,9.54,13.5,0,8.36,8.88,7.75,8.21,12.2,10.8,11.2,8.44,10.8,15.1,12.7,15.9,14.7,14.5,14.7,15.9,17.2,14.5,15.6,14.6,17.7,16.6,14.4,11.2,7.85,7.97,6.87,10.4,8.99,7.24,7.36,6.95,6.04,5.88,5.81,5.81,5.34,5.26,5.21,6.25,5.54,5.03,4.39,4.1,0,0,0,0,0,0,0,0,0,
Tajikistan,0,0,0,0,0,0,0,0,0,0,0,0,0,0,0,0,0,0,0,0,0,0,0,0,0,0,0,0,0,0,0,0,0.396,3.44,1.94,1.02,1.29,2.07,1.71,1.39,1.2,1.15,2.09,2.24,2.17,0,0,0,1.02,0.955,0.953,1.09,0.999,0,1.13,1.22,0,
Tanzania,0,0,0,0,0,0,0,0,0,0,0,0,0,0,0,0,0,0,0,0,0,0,0,0,0,0,0,0,2.45,2.38,2.05,2.18,2.11,1.38,1.29,1.63,1.56,1.54,1.44,1.33,1.33,1.45,1.3,1.07,0.995,0.824,0.792,0.773,0.708,0.768,0.909,0.916,0.927,1,1.05,1.13,1.15,1.14
Thailand,2.28,1.94,2.43,2.42,2.24,2.15,2,2.24,2.54,2.76,3.07,3.56,3.47,2.88,2.66,2.8,3.13,3.48,3.92,4.38,4.24,4.06,4.12,3.95,4.06,4.19,3.8,3.36,2.93,2.68,2.59,2.65,2.66,2.45,2.46,2.27,2.15,2.17,1.86,1.62,1.49,1.43,1.35,1.24,1.08,1.05,1.1,1.34,1.53,1.7,1.45,1.49,1.38,1.4,1.41,1.43,1.43,1.4
Timor-Leste,0,0,0,0,0,0,0,0,0,0,0,0,0,0,0,0,0,0,0,0,0,0,0,0,0,0,0,0,0,0,0,0,0,0,0,0,0,0,0,0,0,0,0,0,0,0.454,0.644,0.824,0.539,1.14,0.66,0.361,0.5,0.561,0.732,1.19,1.04,0.861
Togo,0,0.259,0.54,0.792,2.04,1.8,1.34,1.34,1.36,1.28,1.44,1.46,1.53,1.69,1.44,1.8,2.3,2.72,2.76,2.52,2.18,2.34,2.26,2.14,2.19,2.48,2.83,3.48,3.13,3.09,3.12,2.86,2.9,4.07,2.58,2.36,0,0,0,0,0,0,0,1.72,1.64,1.57,0,0,1.8,1.74,1.79,1.57,1.63,1.77,1.85,1.71,1.87,1.85
Trinidad and Tobago,0,0,0,0,0,0,0,0,0.67,0.675,0.754,0.961,0.842,0.683,0.42,0.438,0.504,0.49,0.514,0.591,0.592,0.503,0,0,0,0,0,0,0,0,0,0,0,0.485,0.489,0,0,0,0,0,0,0.158,0.216,0.298,0.571,0.612,0.629,0.576,0.499,0.722,0.646,0.574,0.659,0.795,0.694,0.828,0.964,0.914
Tunisia,0,0,0,0,0,1.29,1.32,1.42,1.44,1.31,1.56,1.48,1.41,1.4,1.31,1.74,1.86,2.38,2.49,2.24,2.22,2.72,4.04,4.59,3.02,2.57,2.29,2,2.31,2.32,2.01,2,1.87,1.89,1.9,1.9,2.03,1.73,1.68,1.56,1.55,1.52,1.49,1.48,1.43,1.45,1.45,1.26,1.29,1.3,1.3,1.56,1.51,1.64,1.91,2.27,2.35,2.07
Turkey,3.53,3.76,3.71,3.39,3.42,3.55,3.14,3.26,3.28,3.08,3.26,3.5,3.45,3.35,3.19,5.12,4.94,4.71,4.19,3.36,3.88,3.96,4.27,4,3.65,3.52,3.66,3.31,2.93,3.15,3.53,3.75,3.87,3.92,4.05,3.9,4.14,4.1,3.18,3.89,3.66,3.6,3.8,3.3,2.7,2.41,2.42,2.27,2.24,2.54,2.32,2.08,2.05,1.96,1.9,1.85,2.07,2.11
Turkmenistan,0,0,0,0,0,0,0,0,0,0,0,0,0,0,0,0,0,0,0,0,0,0,0,0,0,0,0,0,0,0,0,0,0,0,1.75,2.31,2.04,3.96,3.11,2.9,0,0,0,0,0,0,0,0,0,0,0,0,0,0,0,0,0,
Uganda,0,0,0.121,0.396,0.698,1.21,1.54,1.74,1.92,1.96,2.11,3.72,4.36,3.75,3.89,3.03,3.41,2.18,2.11,1.81,2.38,2.02,1.89,2.15,3.22,3.94,4.31,4.51,3.83,3.49,3.34,2.95,2.16,1.93,2.32,2.29,2.31,2.28,2.53,2.84,2.48,2.32,2.36,2.4,2.31,2.4,2.2,2.05,2.19,1.7,3.24,3.46,1.82,1.76,1.75,2.05,2.16,1.76
Ukraine,0,0,0,0,0,0,0,0,0,0,0,0,0,0,0,0,0,0,0,0,0,0,0,0,0,0,0,0,0,0,0,0,0,0.465,2.5,2.83,3.29,4.12,3.35,2.98,3.64,2.86,2.77,2.85,2.6,2.79,2.77,2.87,2.67,2.95,2.74,2.26,2.35,2.39,3.02,3.97,3.67,3.24
United Arab Emirates,0,0,0,0,0,0,0,0,0,0,0,0,0,0,0,0,0,0,0,0,0,0,0,0,0,0,0,0,0,0,0,0,0,0,0,0,0,4.23,5.3,5.01,5.63,5.61,4.88,4.69,4.61,3.66,3.23,3.28,3.67,5.46,6.04,5.47,5.08,6.04,5.64,0,0,
United Kingdom,6.34,6.19,6.21,6.08,5.9,5.76,5.59,5.58,5.31,4.92,4.65,4.54,4.62,4.39,4.53,4.78,4.63,4.4,4.23,4.19,4.49,4.46,4.81,4.83,4.93,4.76,4.53,4.19,3.77,3.61,3.56,3.68,3.46,3.21,3.02,2.56,2.45,2.3,2.25,2.19,2.14,2.18,2.24,2.3,2.25,2.19,2.13,2.15,2.27,2.43,2.38,2.3,2.2,2.08,1.96,1.87,1.82,1.81
United States,8.35,8.49,8.66,8.19,7.47,6.97,7.8,8.76,8.57,7.99,7.42,6.41,6.05,5.49,5.55,5.23,4.85,4.84,4.64,4.65,4.83,5.29,6.39,5.87,5.73,5.94,6.12,5.92,5.58,5.37,5.12,4.54,4.67,4.33,3.94,3.64,3.35,3.21,3.02,2.91,2.93,2.94,3.25,3.61,3.79,3.84,3.81,3.85,4.22,4.64,4.67,4.58,4.24,3.83,3.5,3.29,3.22,3.14
Uruguay,0,0,0,0,0,0,0,0,0,0,0,0,2.35,2.84,4.59,4.42,3.63,3.9,3.79,3.89,4.7,6.42,6.53,5.38,4.57,4.3,4.12,3.04,3.17,3.53,3.53,2.4,2.85,2.79,2.58,2.71,2.81,2.4,2.26,2.39,2.44,2.5,2.53,2.24,2.04,2,2.01,1.78,1.87,1.82,1.88,1.72,1.8,1.82,1.81,1.82,1.87,2.1
Uzbekistan,0,0,0,0,0,0,0,0,0,0,0,0,0,0,0,0,0,0,0,0,0,0,0,0,0,0,0,0,0,0,0,0,0,0,1.53,1.11,1.23,1.4,0,1.64,1.15,0.835,0.598,0.539,0,0,0,0,0,0,0,0,0,0,0,0,0,
Venezuela,2.72,1.28,2.07,2.3,2.18,2.34,2.34,2.55,2.35,2.19,2.08,2.41,2.48,2.16,2.08,2.27,1.64,1.77,1.78,1.66,1.5,1.34,1.99,2.56,2.37,1.42,1.71,1.69,1.88,2.84,1.57,1.9,1.7,2.22,1.64,1.6,1.07,1.8,1.59,1.44,1.53,1.56,1.15,1.18,1.29,1.83,1.98,1.89,1.79,1.23,1.01,1.13,1.34,1.67,1.16,0,0,
Vietnam,0,0,0,0,0,0,0,0,0,0,0,0,0,0,0,0,0,0,0,0,0,0,0,0,0,0,0,3.59,5.14,7.29,7.91,5.6,3.37,2.26,2.65,0,0,0,0,0,0,0,0,2.13,2.01,1.78,1.94,2.3,2.16,2.27,2.31,1.98,2.16,2.18,2.29,2.36,2.44,2.27
Yemen,0,0,0,0,0,0,0,0,0,0,0,0,0,0,0,0,0,0,0,0,0,0,0,0,0,0,0,0,0,0,6.55,7.01,7.28,7.06,8.4,6.35,5.28,5.81,6.08,5.17,4.92,5.48,6.9,6.85,5.3,4.87,4.31,4.85,4.45,5.65,4.69,4.93,4.57,4.08,3.97,0,0,
Zambia,0,0,0,0,0,0,0,0,0,0,0,0,0,0,0,0,0,0,0,0,0,0,0,0,3,2.36,3.7,2.95,2.33,4.2,3.72,2.55,2.96,1.56,1.72,1.45,1.05,1.01,0,1.65,0,0,0,0,1.58,1.67,1.61,1.65,1.55,1.44,1.38,1.32,1.36,1.36,1.63,1.75,1.43,1.3
Zimbabwe,0,0,0,0,0,1.19,1.32,1.36,2.07,2.42,2.44,2.29,2.18,2.63,2.98,3.4,4.63,6.54,7.99,8.52,6.63,4.86,5.12,5.56,5.68,5.49,5.5,5.82,5.21,4.93,4.74,4.35,4.39,3.81,3.6,3.7,3.41,3.65,4.78,3.84,5.18,4.23,10.7,3.4,4.41,2.28,2.97,0,0,0,0.969,1.64,2.23,2.31,2.32,2.31,2.15,1.91
